Time (s),PID Joint 0 Angle (rad),SNN Joint 0 Angle (rad),PID Joint 0 Velocity (rad/s),SNN Joint 0 Velocity (rad/s)
0.0,0.0,0.0,42.29369109895259,0.0
0.01,0.17622371291230246,0.0,-6.387324194907566,0.0
0.02,0.14960986210018762,0.0,3.917934761988457,2.9432982253643054
0.03,0.16593459027513952,0.012263742605684606,1.7717344392912797,3.0212090607415973
0.04,0.17331681710551985,0.02485211369210793,2.2523842905351223,3.0991198961188893
0.05,0.1827017516494162,0.03776511325926997,2.1773250414945107,3.1799163179916334
0.06,0.19177393932231002,0.05101476458423511,2.2183041036788067,2.6374260568460564
0.07,0.20101687308763838,0.062004039821093676,2.233543926468076,2.5162314240369383
0.08,0.2103233061145887,0.07248833742124758,2.2529773252642,2.6922522002597056
0.09,0.21971071163652287,0.08370605492232969,2.2702946749838473,2.723993651709712
0.1,0.2291702727822889,0.09505602847112016,2.2868363285571514,2.7557351031597186
0.11,0.23869875748461036,0.10653825806761899,2.302328273686954,2.7845909681142693
0.12,0.248291791958306,0.11814072043476179,2.3168375429858017,2.810561246573368
0.13,0.2579452817207468,0.12985139229548415,2.3303594801070577,2.9923531957870466
0.14,0.26765511288785954,0.1423195306112635,2.3429048480477537,2.7211080652142563
0.15,0.27741721642139183,0.15365748088298958,2.3544814361736286,3.04429375270524
0.16,0.28722755573878195,0.16634203818592808,2.365097935306394,2.767277449141538
0.17,0.29708213046922527,0.17787236089068448,2.374763112707394,2.9346414658779416
0.18,0.3069769767721727,0.1901000336651759,2.383485979108662,2.9548405713461285
0.19,0.31690816835179214,0.2024118693791181,2.3912757463560563,2.9750396768143155
0.2,0.32687181729494236,0.21480786803251106,2.3981418292529533,2.8394171115279185
0.21,0.3368640749168297,0.22663877266387739,2.4040938380820824,3.1568316260279907
0.22,0.346881132575505,0.23979223777232733,2.409141573104844,2.874044149473381
0.23,0.3569192224634419,0.25176742172846645,2.413295018655405,3.032751406723417
0.24,0.36697461837450607,0.26440388592314734,2.416564337334842,3.047179339200696
0.25,0.37704363644673455,0.27710046650315023,2.418959864200842,2.902900014427935
0.26,0.38712263588090473,0.2891958832299333,2.4204921009772735,3.0587216851825154
0.27,0.3972080196349767,0.30194055691819377,2.4211717102806607,2.9144423604097547
0.28,0.40729623509447943,0.3140840667532344,2.421009509866285,3.067378444668879
0.29,0.4173837747189223,0.3268648102726881,2.4200164668954693,3.0760352041552466
0.3,0.4274671766643201,0.339681623623335,2.4182036922257932,2.9259847063915743
0.31,0.4375430253819276,0.3518732265666332,2.4155824347258346,3.228971288414371
0.32,0.4476079521932852,0.3653272736016931,2.412164075616152,2.9346414658779416
0.33,0.4576586358416858,0.37755494637618453,2.4079601228380763,3.081806377146158
0.34,0.4676918030201778,0.3903958062809602,2.402982205451889,3.0558360986870596
0.35000000000000003,0.4777042288762274,0.4031284566921563,2.397242068065948,2.703794546241525
0.36,0.4876927374931688,0.414394267301496,2.3907515652982507,2.949069398355217
0.37,0.4976542023485782,0.42668205646130936,2.383522656271956,2.905785600923391
0.38,0.5075855467497113,0.4387894964651568,2.3755673991462927,2.8625018034915612
0.39,0.5174837442461543,0.4507165873130383,2.3668979456842707,2.8192180060597316
0.4,0.5273458190198388,0.46246332900495385,2.3575265358586366,2.7759342086279055
0.41000000000000003,0.5371688462525831,0.47402972154090345,2.347465492497342,2.5768287404414956
0.42,0.546949952471322,0.4847665079594097,2.336727215969951,2.67782426778243
0.43,0.5566863158711969,0.4959241090751698,2.3253241789162518,2.6345404703506006
0.44,0.5663751666166813,0.506901361034964,2.3132689210182824,2.591256672918771
0.45,0.5760137871209241,0.5176982638387921,2.3005740438171056,2.547972875486945
0.46,0.5855995123034954,0.5283148174866544,2.287252205575434,2.6605107488096955
0.47000000000000003,0.5951297298267264,0.5394002789400282,2.273316116187403,2.3171259558505284
0.48,0.6046018803108406,0.5490549704227388,2.2587785321364766,2.57394315394604
0.49,0.6140134575280759,0.5597797335641806,2.243652251502727,2.386380031741453
0.5,0.6233620085760039,0.5697229836964367,2.227950109020507,2.3430962343096233
0.51,0.632645134030256,0.5794858846727268,2.211684971187573,2.4556341076323775
0.52,0.6418604880768709,0.5897176934545283,2.194869731426687,2.4210070696869153
0.53,0.6510057786244821,0.5998052229115571,2.177517305300629,2.2334439474823284
0.54,0.660078767396568,0.6091112393594001,2.159640625781654,2.345981820805079
0.55,0.6690772700039915,0.6188861636127546,2.1412526385762836,2.1584186986004923
0.56,0.6779991559980594,0.6278795748569234,2.122366297506252,2.2709565719232465
0.5700000000000001,0.6868423489043354,0.6373418939066036,2.1029945599466204,2.083393449718656
0.58,0.6956048262374463,0.6460226999470979,2.0831503823217057,2.1959313230414104
0.59,0.7042846194971202,0.6551724137931038,2.062846715659819,2.161304285095948
0.6,0.7128798141457028,0.6641778483143369,2.0420965012073697,1.9737411628913577
0.61,0.7213885495674002,0.6724017698263842,2.0209126661032704,2.2421007069686922
0.62,0.7298090190094971,0.6817438561054204,1.9993081191142232,1.9102582599913447
0.63,0.7381394695058064,0.6897032655220511,1.9772957464316097,2.022796133314099
0.64,0.7463782017826048,0.6981315827441932,1.9548884075306467,1.9881690953686366
0.65,0.7545235701473159,0.7064156206415625,1.9320989310923617,1.9564276439186266
0.66,0.7625739823602007,0.7145674024912234,1.9089401109890782,1.92468619246862
0.67,0.7705278994893219,0.722586928293176,1.8854247023338684,2.045880825277738
0.68,0.7783838357490463,0.7311114317318332,1.8615654175945775,1.7140383783003905
0.6900000000000001,0.7861403583223571,0.7382532583080849,1.8373749227728595,1.982397922377725
0.7000000000000001,0.793796087167244,0.7465132496513254,1.8128658336487413,1.8063771461549578
0.71,0.8013496948074471,0.7540398210936377,1.7880507120911744,1.7717501082094955
0.72,0.808799906107827,0.7614221132111773,1.7629420624348688,1.8958303275140693
0.73,0.816145498034639,0.7693214062424859,1.7375523279240044,1.5639878805367218
0.74,0.823385299400989,0.7758380224113889,1.7118938872229321,1.8294618381186005
0.75,0.8305181905977512,0.7834607800702164,1.685979050994437,1.8092627326504136
0.76,0.8375431033102281,0.790999374789593,1.659820058545638,1.477420285673066
0.77,0.8444590202208349,0.7971552926465642,1.6334290745420272,1.898715914009525
0.78,0.8512649746980933,0.8050666089549372,1.6068181857896628,1.5784158130139971
0.79,0.8579600504722169,0.8116433415091622,1.5799993980859601,1.5466743615639906
0.8,0.864543381297575,0.8180878180156788,1.5529846331391315,1.6678689943731086
0.81,0.8710141506023213,0.8250372721589,1.5257857255564344,1.4889626316548856
0.8200000000000001,0.8773715911254731,0.8312412831241287,1.4984144199015395,1.6101572644640036
0.8300000000000001,0.8836149845417296,0.8379502717260621,1.4708823678209162,1.4312509017457806
0.84,0.8897436610743168,0.8439138171500028,1.4432011252394905,1.7053816188140267
0.85,0.895756999096148,0.8510195738950612,1.4153821496255512,1.3793103448275872
0.86,0.9016544247195878,0.8567667003318429,1.3874367973250126,1.4976193911412494
0.87,0.9074354113751086,0.8630067811282648,1.3593763209649887,1.4716491126821545
0.88,0.9130994793791294,0.8691386524311071,1.3312118669267476,1.2898571634684757
0.89,0.9186461954913242,0.8745130572788924,1.302954472887926,1.4052806232866857
0.9,0.9240751724616906,0.8803683932092535,1.27461506543405,1.3764247583321314
0.91,0.9293860685676658,0.8861034963689708,1.246204457739178,1.3475688933775807
0.92,0.934578587141579,0.8917183667580441,1.2177333473156908,1.3158274419275742
0.93,0.9396524760887277,0.8972009810994089,1.1892123138329835,1.28697157697302
0.9400000000000001,0.9446075273963651,0.9025633626701298,1.1606518170050146,1.2552301255230134
0.9500000000000001,0.949443576633886,0.9077934881931424,1.1320621945464926,1.2234886740730069
0.96,0.9541605024444964,0.9128913576684466,1.103453660197527,1.1917472226230004
0.97,0.9587582260286527,0.9178569710960425,1.0748363018165206,1.157120184677538
0.98,0.9632367106195548,0.9226783051988655,1.0462200795411356,1.1253787332275316
0.99,0.9675959609509762,0.9273673832539803,1.0176148240169924,1.2465733660366496
1.0,0.9718360227177136,0.9325614389457997,0.9890302346938984,1.0676670033184266
1.01,0.9759569820289382,0.9370100514596265,0.9604758781892988,1.1859760496320888
1.02,0.979958964854727,0.9419516183330935,0.931961186718653,1.0070696869138658
1.03,0.9838421364660547,0.9461477420285679,0.903495456592369,0.9724426489684035
1.04,0.9876067008685229,0.9501995863992696,0.8750878467789798,0.9349300245274854
1.05,0.9912529002301019,0.9540951281681341,0.8467473775342498,1.0532390708411512
1.06,0.9947810143031613,0.9584836242966389,0.8184829290956878,1.0272687923820527
1.07,0.99819135984106,0.9627639109315641,0.7903032404422451,0.8454768431683739
1.08,1.0014842900095693,0.9662867311114324,0.7622169081185911,0.8079642187274594
1.09,1.0046601937933968,0.9696532486894635,0.7342323851237336,0.9233876785456658
1.1,1.007719495398079,0.9735006973500704,0.7063579798633732,0.741595729331987
1.11,1.0106626536475098,0.9765906795556203,0.678601855165574,1.0128408599047773
1.12,1.0134901613773664,0.9808108498052235,0.6509720273593351,0.6838839994228856
1.1300000000000001,1.016202544824697,0.9836603664694855,0.6234763654154161,0.799307459241092
1.1400000000000001,1.018800363013928,0.9869908142163234,0.596122590149132,0.7675660077910855
1.1500000000000001,1.0212842071395494,0.9901890059154529,0.5689182734843208,0.7387101428365348
1.16,1.023654699945734,0.9932669648439385,0.5418708377781334,0.5540326071274002
1.17,1.025912495103143,0.9955754340403027,0.5149875552060679,0.6665704804501544
1.18,1.0280582765831683,0.9983528110421783,0.4882755472065907,0.6348290290001444
1.19,1.0300927580298624,1.0009979319963456,0.46174178398479815,0.6059731640455936
1.2,1.0320166821297991,1.003522820179869,0.43539308407467403,0.5742317125955871
1.21,1.0338308199801103,1.005915452315684,0.40923611395901816,0.5424902611455806
1.22,1.0355359704549396,1.0081758284037905,0.3832773877467499,0.5078632232001183
1.23,1.0371329595705512,1.0102919251671243,0.3575232669067844,0.6319434425046921
1.24,1.0386226398493295,1.0129250228442273,0.3319799600578426,0.30010099552734104
1.25,1.0400058896829039,1.0141754436589245,0.3066535228135865,0.5655749531092198
1.26,1.0412836126946272,1.0165320059635463,0.28154985768245866,0.38955417688645255
1.27,1.0424567371016376,1.01815514836724,0.2566747140214015,0.35492713894099026
1.28,1.0435262150767268,1.0196340114461608,0.2320336880429421,0.4761217717501083
1.29,1.044493022110239,1.0216178521617862,0.20763222287484262,0.30010099552734104
1.3,1.0453581563722176,1.0228682729764835,0.18347560867163226,0.4212956283364626
1.31,1.0461226380750162,1.0246236714278854,0.15956898277738185,0.2423892656182396
1.32,1.0467875088365886,1.0256336267012947,0.1359173299388775,0.2077622276727773
1.33,1.0473538310446673,1.0264993026499312,0.11252548256854378,0.3289568604818953
1.34,1.0478226872220362,1.0278699562352724,0.0893981210564424,0.1500504977636723
1.35,1.0481951793931048,1.028495166642621,0.06653977413038481,0.2712451305727903
1.36,1.0484724284519813,1.0296253546866743,0.04395481926375033,0.24527485211369537
1.37,1.048655573532247,1.030647333237148,0.0216474831298179,0.06636848939547235
1.3800000000000001,1.0487457713786212,1.0309238686096291,-0.00037815789763795404,0.18756312220459037
1.3900000000000001,1.0487441957207144,1.0317053816188149,-0.022118177198757305,0.00865675948636735
1.4000000000000001,1.048652036649053,1.031741451450008,-0.04356879731745944,0.12696580580002959
1.41,1.0484704999935637,1.0322704756408416,-0.06472638932758645,0.10388111383639043
1.42,1.0482008067046988,1.03270331361516,-0.08558747215629481,0.07791083537729193
1.43,1.047844192237381,1.0330279420958988,-0.1061487118651907,0.05482614341364922
1.44,1.0474019059379427,1.0332563843601223,-0.12640692089033334,0.028855864954554278
1.45,1.046875210434233,1.0333766171307663,-0.14635905724152265,0.005771172990911566
1.46,1.0462653810290599,1.0334006636848951,-0.16600222366211947,-0.020199105468183376
1.47,1.0455737050971343,1.0333165007454443,-0.18533366674974372,-0.1991054681864064
1.48,1.044801481485677,1.032486894628001,-0.20435077603901142,-0.08079642187274416
1.49,1.0439500199188478,1.0321502428701979,-0.22305108304695254,-0.10388111383638687
1.5,1.0430206404061522,1.0317174048958795,-0.24143226028188725,-0.12985139229548182
1.51,1.0420146726549777,1.0311763574279817,-0.2594921202167969,0.0
1.52,1.0409334554874077,1.0311763574279817,-0.277228614227626,-0.1673640167363999
1.53,1.0397783362614592,1.0304790073582468,-0.29463983149779904,-0.19333429519549838
1.54,1.038550670296885,1.0296734477949323,-0.3117239978893004,-0.21641898715913754
1.55,1.0372518203056795,1.0287717020151026,-0.32847947478154305,-0.24238926561823604
1.56,1.035883155827423,1.0277617467416933,-0.34490475787852826,-0.26547395758187875
1.57,1.0344460526695958,1.0266556052517688,-0.3609984759853483,-0.2914442360409737
1.58,1.03294189235299,1.0254412542682647,-0.3767593897547103,-0.3145289280046164
1.59,1.0313720615623454,1.0241307170682454,-0.3921863904043356,-0.18467753570913104
1.6,1.0297379516023273,1.0233612273361241,-0.40727849840608255,-0.1991054681864064
1.61,1.0280409578589687,1.0225316212186808,-0.42203486214761377,-0.36646948492280984
1.62,1.026282479266687,1.0210046650315023,-0.43645475656732624,-0.389554176886449
1.6300000000000001,1.0244639177809898,1.019381522627809,-0.4505375817635454,-0.4126388688500917
1.6400000000000001,1.022586677856975,1.0176621940076003,-0.4642828615785608,-0.2827874765546099
1.6500000000000001,1.020652165933731,1.0164839128552894,-0.4776902421585688,-0.2943298225364295
1.6600000000000001,1.018661789924737,1.015257538594721,-0.4907594904900596,-0.46457942576828515
1.67,1.0166169587143616,1.013321790987353,-0.5034904929137807,-0.33184244697734755
1.68,1.0145190816605543,1.0119391141249474,-0.5158832536167126,-0.49920646371374744
1.69,1.012369568103818,1.0098590871928068,-0.5279378931031473,-0.36646948492280984
1.7,1.010169826882555,1.0083321310056284,-0.5396546466455768,-0.5338335016592097
1.71,1.007921265854865,1.006107824748715,-0.5510338627161419,-0.40109652286827213
1.72,1.005625291426881,1.004436589236764,-0.5620760013994386,-0.4126388688500917
1.73,1.0032833080877168,1.0027172606165553,-0.5727816327875882,-0.5800028855864952
1.74,1.000896717951102,1.0003005819266115,-0.5831514353581144,-0.6030875775501343
1.75,0.9984669203037765,0.9977877170201527,-0.593186194335751,-0.4703505987591967
1.76,0.9959953111607108,0.9958279228586561,-0.6028868000385695,-0.4790073582455605
1.77,0.9934832828272168,0.9938320588659663,-0.6122542462095232,-0.646371374981964
1.78,0.9909322234680105,0.9911388448035414,-0.6212896283339442,-0.5136343961910228
1.79,0.9883435166832857,0.9889987014860788,-0.6299941419438857,-0.5222911556773902
1.8,0.9857185410918529,0.986822488337423,-0.6383690809100512,-0.5338335016592097
1.81,0.9830586699213943,0.9845981820805096,-0.6464158357219415,-0.5424902611455771
1.82,0.9803652706058863,0.9823378059924031,-0.6541358917571536,-0.7069686913865212
1.83,0.9776397043902315,0.9793921031116258,-0.6615308275403897,-0.4184100418410033
1.84,0.9748833259421466,0.9776487279372883,-0.6686023129930321,-0.7271677968547081
1.85,0.9720974829713422,0.9746188621170604,-0.6753521076739379,-0.5915452315683147
1.86,0.9692835158560341,0.9721540903188591,-0.6817820590122002,-0.6002019910546821
1.87,0.9664427572768166,0.9696532486894647,-0.6878941005326024,-0.7646804212956262
1.8800000000000001,0.9635765318579308,0.9664670802673996,-0.6936902500744134,-0.4732361852546525
1.8900000000000001,0.9606861558159541,0.9644952628288386,-0.6991726080043057,-0.7819939402683573
1.9000000000000001,0.9577729366159361,0.9612369547443871,-0.7043433554240248,-0.6434857884865082
1.9100000000000001,0.9548381726350027,0.9585557639590266,-0.7092047523735087,-0.49632087721829166
1.92,0.9518831528334464,0.9564877603039504,-0.713759136030126,-0.8021930457365443
1.93,0.9489091564333209,0.9531452892800482,-0.7180089189047826,-0.6665704804501509
1.94,0.945917452604551,0.9503679122781725,-0.721956587035387,-0.6723416534410589
1.95,0.9429093001585702,0.9475664887221681,-0.7256046981785294,-0.6781128264319705
1.96,0.939885947249493,0.9447410186120349,-0.7289558799998723,-0.6867695859183378
1.97,0.9368486310828269,0.9418794786707084,-0.7320128282639643,-0.6925407589092458
1.98,0.933798577631727,0.9389938921752532,-0.7347783050240807,-0.6983119319001574
1.99,0.9307370013607934,0.9360842591256692,-0.7372551368127269,-0.7011975183956132
2.0,0.9276651049574071,0.9331626027990207,-0.739446212833388,-0.7069686913865212
2.0100000000000002,0.9245840790706013,0.9302168999182435,-0.7413544831542082,-0.7127398643774328
2.02,0.9214951020574588,0.9272471504833375,-0.7429829569040913,-0.7156254508728885
2.0300000000000002,0.918399339737025,0.9242653777713671,-0.7443347004718597,-0.7213966238638001
2.04,0.9152979451517256,0.9212595585052679,-0.7454128357091285,-0.7242822103592523
2.05,0.9121920583362709,0.9182417159621044,-0.746220538137296,-0.7271677968547081
2.06,0.9090828060940322,0.9152118501418764,-0.7467610351593579,-0.7329389698456197
2.07,0.9059713017808683,0.9121579377675197,-0.7470376042770699,-0.7358245563410755
2.08,0.9028586450963805,0.9090920021160986,-0.7470535713139435,-0.7387101428365312
2.09,0.8997459218825724,0.9060140431876131,-0.7468123086446619,-0.7387101428365312
2.1,0.8966342039298864,0.9029360842591276,-0.7463172334314334,-0.741595729331987
2.11,0.8935245487905887,0.8998461020535777,-0.7455718058678033,-0.7444813158274393
2.12,0.8904179995994729,0.8967440965709634,-0.7445795274304092,-0.7444813158274393
2.13,0.8873155849018461,0.8936420910883491,-0.7433439391392052,-0.747366902322895
2.14,0.8842183184887661,0.8905280623286704,-0.7418686198266203,-0.5915452315683147
2.15,0.8811271992394885,0.8880632905304692,-0.7401571844161547,-0.8916462270956558
2.16,0.8780432109710878,0.8843480979175706,-0.7382132822108671,-0.5944308180637705
2.17,0.8749673222952092,0.881871302842305,-0.7360405951921991,-0.8916462270956558
2.18,0.8719004864819084,0.8781561102294064,-0.733642836329657,-0.5944308180637705
2.19,0.8688436413305348,0.8756793151541408,-0.7310237479016742,-0.7358245563410755
2.2,0.8657977090476112,0.8726133795027197,-0.7281870998282274,-0.7358245563410755
2.21,0.8627635961316603,0.8695474438512986,-0.7251366880154676,-0.7358245563410755
2.22,0.8597421932649292,0.8664815081998775,-0.7218763327129623,-0.7329389698456197
2.23,0.8567343752119585,0.8634275958255208,-0.7184098768837961,-0.7300533833501639
2.24,0.8537410007249426,0.8603857067282284,-0.7147411845879769,-0.7300533833501639
2.25,0.850762912455826,0.8573438176309361,-0.7108741393795902,-0.7271677968547081
2.2600000000000002,0.8478009368750777,0.8543139518107082,-0.706812642717963,-0.7242822103592523
2.27,0.8448558841970862,0.8512961092675447,-0.7025606123932981,-0.7213966238638001
2.2800000000000002,0.8419285483121142,0.8482902900014455,-0.6981219809670909,-0.7185110373683443
2.29,0.8390197067247512,0.8452964940124107,-0.6935006942276672,-0.7127398643774328
2.3000000000000003,0.8361301204988026,0.8423267445775047,-0.6887007096612124,-0.709854277881977
2.31,0.8332605342085476,0.839369018419663,-0.6837259949385446,-0.5511470206319409
2.32,0.8304116758963037,0.8370725725003633,-0.6785805264180712,-0.68965517241379
2.33,0.8275842570362284,0.8341990092819724,-0.6732682876650964,-0.683883999422882
2.34,0.8247789725042904,0.8313494926177104,-0.6677932679878811,-0.6809984129274262
2.35,0.8219965005543409,0.8285119992305128,-0.6621594609906818,-0.8281633241956428
2.36,0.8192375028002131,0.8250613187130309,-0.6563708631440648,-0.6781128264319705
2.37,0.8165026242037795,0.8222358486028977,-0.650431472372781,-0.6723416534410589
2.38,0.8137924930688929,0.8194344250468932,-0.6443452866614514,-0.6665704804501509
2.39,0.8111077210411368,0.8166570480450176,-0.6381163026782612,-0.504977636704659
2.4,0.8084489031133107,0.8145529745587482,-0.6317485144170001,-0.7993074592410885
2.41,0.8058166176365732,0.8112225268119103,-0.625245911857573,-0.646371374981964
2.42,0.8032114263371667,0.8085293127494855,-0.6186124796453225,-0.6406002019910524
2.43,0.8006338743386445,0.8058601452411894,-0.611852195789201,-0.6319434425046886
2.44,0.7980844901895229,0.8032270475640866,-0.6049690303792282,-0.6232866830183212
2.45,0.7955637858962761,0.8006300197181769,-0.5979669443231779,-0.6146299235319574
2.46,0.7930722569615962,0.7980690617034605,-0.5908498881028905,-0.6059731640455901
2.47,0.7906103824278342,0.7955441735199372,-0.5836218005502137,-0.5973164045592263
2.48,0.7881786249255417,0.7930553551676072,-0.5762866076429005,-0.588659645072859
2.49,0.7857774307270297,0.7906026066464703,-0.5688482213204629,-0.7358245563410755
2.5,0.7834072298048611,0.7875366709950492,-0.5613105383202461,-0.4270668013273671
2.5100000000000002,0.7810684358951934,0.7857572259895185,-0.5536774390338075,-0.7156254508728885
2.52,0.7787614465658859,0.782775453277548,-0.5459527863837597,-0.562689366613764
2.5300000000000002,0.7764866432892868,0.7804309142499907,-0.5381404247211219,-0.39532534987736057
2.54,0.7742443915196155,0.7787837252921683,-0.5302441787434571,-0.683883999422882
2.5500000000000003,0.7720350407748512,0.7759342086279063,-0.5222678524336778,-0.5280623286683017
2.56,0.7698589247230442,0.7737339489251217,-0.5142152280198287,-0.5194055691819344
2.57,0.7677163612729616,0.7715697590535303,-0.5060900649557925,-0.5078632232001148
2.58,0.7656076526689791,0.7694536622901965,-0.4978960989230151,-0.49632087721829166
2.59,0.7635330855901332,0.7673856586351203,-0.48963704085344095,-0.6377146154955966
2.6,0.7614929312532439,0.7647285144038887,-0.48131657597351507,-0.4818929447410163
2.61,0.7594874455200209,0.7627206271341345,-0.4729383628695011,-0.626172269513777
2.62,0.7575168690080647,0.7601115760111604,-0.46450603257406753,-0.3145289280046164
2.63,0.7555814272056728,0.7588010388111411,-0.4560231876741345,-0.6002019910546821
2.64,0.7536813305903639,0.7563001971817467,-0.4474934014401697,-0.441494733804646
2.65,0.7518167747510298,0.754460635790894,-0.4389202169767642,-0.42995238782282286
2.66,0.7499879405136266,0.7526691675082988,-0.43030714639466405,-0.5713461261001278
2.67,0.7481949940703155,0.7502885586495482,-0.4216576700041412,-0.4126388688500917
2.68,0.7464380871119649,0.7485692300293395,-0.4129752355298004,-0.40109652286827213
2.69,0.744717356963924,0.7468979945173884,-0.40426325734678287,-0.5396046746501213
2.7,0.7430329267249791,0.7446496417063462,-0.3955251157382888,-0.383783003895541
2.71,0.7413849054094029,0.7430505458567814,-0.38676415617451154,-0.3693550714182656
2.72,0.7397733880920091,0.7415115663925387,-0.37798368861285747,-0.5078632232001148
2.73,0.7381984560561222,0.7393954696292049,-0.36918698681949713,-0.3491559659500787
2.74,0.7366601769443744,0.7379406531044129,-0.360377287712086,-0.33472803347280333
2.75,0.7351586049122406,0.736545952964943,-0.35155779072376947,-0.4761217717501083
2.7600000000000002,0.7336937807842249,0.7345621122493176,-0.34273165718828846,-0.3145289280046164
2.77,0.732265732212607,0.7332515750492983,-0.3339020097461334,-0.30010099552734104
2.7800000000000002,0.7308744738386648,0.732001154234601,-0.325071931771749,-0.4386091473091902
2.79,0.7295200074562825,0.7301736161208127,-0.3162444668217008,-0.4357235608137344
2.8000000000000003,0.7282023221778587,0.7283581012840887,-0.30742261810357463,-0.27413071706824255
2.81,0.7269213946024272,0.727215889962971,-0.29860934796581806,-0.2597027845909672
2.82,0.7256771889859029,0.7261337950271753,-0.28980757740805985,-0.39821093637281635
2.83,0.7244696574133693,0.7244745827922886,-0.28102018561218395,-0.23661809262732447
2.84,0.7232987399733186,0.7234886740730081,-0.27225000949372596,-0.37512624440917364
2.85,0.7221643649337615,0.7219256480546365,-0.26349984327369574,-0.3693550714182656
2.86,0.7210664489201211,0.7203866685903938,-0.2547724380706493,-0.20776222767277375
2.87,0.7200048970948267,0.7195209926417573,-0.24607050151283705,-0.3462703794546229
2.88,0.7189796033385233,0.7180781993940297,-0.23739669737035063,-0.18467753570913104
2.89,0.7179904504328135,0.7173087096619083,-0.2287536452071589,-0.1673640167363999
2.9,0.7170373102444504,0.7166113595921733,-0.22014392005283023,-0.30587216851824905
2.91,0.7161200439108969,0.7153368922233472,-0.21157005209383106,-0.30010099552734104
2.92,0.7152385020271727,0.7140864714086499,-0.20303452638429986,-0.2943298225364295
2.93,0.7143925248339047,0.7128600971480814,-0.19453978257600518,-0.12985139229548182
2.94,0.7135819424065046,0.7123190496801836,-0.18608821466755515,-0.11253787332275067
2.95,0.7128065748453898,0.7118501418746721,-0.17768217077242937,-0.25104602510459983
2.96,0.7120662324671714,0.7108041167700696,-0.1693239529059048,-0.24238926561823604
2.97,0.7113607159967301,0.7097941614966603,-0.16101581679053562,-0.08079642187274416
2.98,0.7106898167601029,0.7094575097388572,-0.15275997168015087,-0.21641898715913754
2.99,0.7100533168781022,0.7085557639590275,-0.14455858020204226,-0.21064781416822953
3.0,0.7094509894605937,0.7076780647333266,-0.13641375821730534,-0.049054970422737654
3.0100000000000002,0.708882598801355,0.7074736690232318,-0.12832757469904033,-0.18467753570913104
3.02,0.7083479005734423,0.7067041792911104,-0.12030205162827318,-0.17602077622276724
3.0300000000000002,0.7078466420249911,0.7059707593901822,-0.11233916390740833,-0.1673640167363999
3.04,0.707378562175377,0.7052734093204471,-0.10444083929099862,-0.16159284374548832
3.0500000000000003,0.7069433920116645,0.7046001058048409,-0.09660895833358019,-0.15293608425912453
3.06,0.7065408546852745,0.7039628721204279,-0.08884535435452928,-0.14427932477275718
3.0700000000000003,0.7061706657087973,0.703361708267208,-0.08115181341951089,0.017313518972731146
3.08,0.7058325331528826,0.7034338479295944,-0.07353007433850373,-0.11830904631366224
3.09,0.7055261578431389,0.7029408935699542,-0.06598182868007785,0.04328379743182964
3.1,0.7052512335569718,0.7031212427259201,-0.058508720801739356,-0.09233876785456374
3.11,0.705007447220298,0.7027364978598595,-0.05111234789615554,-0.08368200836819994
3.12,0.704794479104064,0.702387822824992,-0.04379426005293635,-0.0750252488818326
3.13,0.7046120030205101,0.7020752176213177,-0.03655596033591624,-0.0663684893954688
3.14,0.7044596865191104,0.7017986822488367,-0.029398904875545806,-0.05771172990910145
3.15,0.704337191082129,0.7015582167075488,-0.022324502976248106,-0.049054970422737654
3.16,0.7042441723197279,0.701353820997454,-0.015334117238487432,-0.040398210936370305
3.17,0.7041802801645676,0.7011854951185524,-0.008429063695385486,-0.03174145145000651
3.18,0.7041451590658367,0.701053239070844,-0.0016106119634592408,-0.02308469196363916
3.19,0.7041384481826557,0.7009570528543289,0.005120014592459976,-0.017313518972731146
3.2,0.7041597815767909,0.7008849131919425,0.011761638680704345,-0.008656759486363796
3.21,0.7042087884046272,0.7008488433607493,0.018313128890549146,0.0
3.22,0.7042850931083379,0.7008488433607493,0.024773399486824665,0.00865675948636735
3.23,0.7043883156061996,0.7008849131919425,0.0311414101914132,0.017313518972731146
3.24,0.7045180714819972,0.7009570528543289,0.03741616595192804,0.025970278459098495
3.25,0.7046739721734635,0.7010652623479084,0.04359671669788984,0.03462703794546229
3.2600000000000002,0.7048556251597047,0.7012095416726812,0.049682157084516704,0.04328379743182964
3.27,0.7050626341475569,0.7013898908286472,0.05567162622450905,0.05194055691819344
3.2800000000000002,0.7052945992568257,0.7016063098158064,0.0615643074079823,0.060597316404560786
3.29,0.7055511172043589,0.7018587986341588,0.06735942781082088,0.06636848939547235
3.3000000000000003,0.7058317814869041,0.70213533400664,0.07305625819173553,0.07502524888183615
3.31,0.7061361825627029,0.7024479392103142,0.07865411257827748,0.0836820083682035
3.3200000000000003,0.706463908031779,0.7027966142451817,0.08415234794194715,0.0923387678545673
3.33,0.7068145428148706,0.7031813591112424,0.0895503638628426,0.10099552734093464
3.34,0.7071876693309658,0.7036021738084962,0.09484760218394744,0.10965228682729844
3.35,0.7075828676733988,0.7040590583369433,0.10004354665533621,0.11830904631366579
3.36,0.7079997157844627,0.7045520126965835,0.10513772256860326,0.12696580580002959
3.37,0.7084377896284986,0.705081036887417,0.1101296963817679,0.13562256528639693
3.38,0.7088966633634226,0.7056461309094436,0.11501907533479472,0.14427932477276073
3.39,0.7093759095106509,0.7062472947626635,0.11980550705615658,-0.0028855864954522303
3.4,0.7098750991233849,0.7062352714855991,0.12448867916052489,0.14716491126821651
3.41,0.7103938019532204,0.7068484586158833,0.12906831883798503,0.002885586495455783
3.42,0.7109315866150454,0.7068604818929477,0.13354419243491175,0.15293608425912808
3.43,0.7114880207501909,0.7074977155773607,0.13791610502681534,0.16159284374549188
3.44,0.7120626711878026,0.708171019092967,0.14218389998342415,0.17024960323185923
3.45,0.7126551041044002,0.7088803924397664,0.1463474585261943,0.17602077622276724
3.46,0.7132648851815927,0.7096138123406946,0.15040669927856598,0.1846775357091346
3.47,0.7138915797619201,0.7103833020728161,0.15436157780914467,0.19333429519549838
3.48,0.7145347530027916,0.7111888616361307,0.15821208616813698,0.19910546818640995
3.49,0.7151939700284922,0.7120184677535741,0.16195825241719974,0.2077622276727773
3.5,0.7158687960802305,0.7128841437022108,0.16560014015301797,0.060597316404560786
3.5100000000000002,0.7165587966642014,0.7131366325205631,0.16913784802481885,0.2135334006636853
3.52,0.7172635376976382,0.7140263550233285,0.17257150924612147,0.21930457365459688
3.5300000000000002,0.7179825856528304,0.7149401240802226,0.17590129110084193,0.07213966238638037
3.54,0.7187155076990839,0.7152407060068324,0.17912739444416015,0.22507574664550845
3.5500000000000003,0.7194618718426012,0.7161785216178553,0.18225005319826282,0.23084691963641646
3.56,0.7202212470642607,0.717140383783007,0.185269533843253,0.2395036791227838
3.5700000000000003,0.7209932034552743,0.7181383157793519,0.1881861349034646,0.24527485211369537
3.58,0.7217773123507054,0.7191602943298256,0.19100018642939465,0.09810994084547886
3.59,0.7225731464608279,0.7195690857500151,0.19371204947552756,0.09522435435002308
3.6,0.7233802800003093,0.7199658538931402,0.196322115574244,0.24527485211369537
3.61,0.724198288815202,0.7209878324436139,0.19883080620605476,0.2510460251046034
3.62,0.7250267505077272,0.7220338575482164,0.20123857226642852,0.25681719809551495
3.63,0.7258652445588374,0.7231039292069477,0.20354589352938274,0.26547395758187875
3.64,0.7267133524485432,0.7242100706968722,0.20575327810809366,0.2712451305727903
3.65,0.7275706577739935,0.7253402587409254,0.20786126191277188,0.1240802193045738
3.66,0.7284367463652968,0.7258572596546945,0.20987040810595736,0.11830904631366579
3.67,0.7293112063990715,0.7263502140143347,0.21178130655556132,0.26835954407733453
3.68,0.7301936285097197,0.7274683787813236,0.21359457328573517,0.2741307170682461
3.69,0.7310836058984103,0.7286105901024413,0.21531084992592858,0.12696580580002959
3.7,0.7319807344397683,0.7291396142932748,0.21693080315823032,0.2770163035637019
3.71,0.7328846127862609,0.7302938488914569,0.21845512416327173,0.2827874765546099
3.72,0.7337948424702746,0.7314721300437678,0.2198845280648865,0.13273697879094115
3.73,0.7347110280038783,0.73202520078873,0.22121975337372618,0.2827874765546099
3.74,0.7356327769762688,0.7332034819410409,0.2224615614300412,0.28855864954552146
3.75,0.736559700148894,0.7344058096474806,0.22361073584581637,0.29432982253643303
3.7600000000000002,0.7374914115482516,0.7356321839080491,0.22466808194652854,0.2972154090318888
3.77,0.7384275285563622,0.736870581445682,0.22563442621257085,0.1500504977636723
3.7800000000000002,0.7393676719989145,0.7374957918530306,0.22651061572076542,0.14427932477276073
3.79,0.7403114662310843,0.7380969557062504,0.22729751758588973,0.29144423604097724
3.8000000000000003,0.7412585392210256,0.7393113066897545,0.22799601840268252,0.2972154090318888
3.81,0.7422085226310368,0.7405497042273874,0.22860702368828445,0.3029865820227968
3.8200000000000003,0.7431610518964046,0.7418121483191491,0.22913145732542756,0.3058721685182526
3.83,0.7441157663019272,0.7430866156879752,0.22957026100652878,0.15582167075458386
3.84,0.7450723090561211,0.7437358726494526,0.2299243936788724,0.1500504977636723
3.85,0.7460303273631164,0.7443610830568013,0.2301948309910039,0.30010099552734104
3.86,0.7469894724922456,0.7456115038714985,0.23038256474059293,0.3029865820227968
3.87,0.7479493998453314,0.7468739479632602,0.23048860232390245,0.3087577550137084
3.88,0.7489097690216809,0.7481604386091507,0.23051396618698072,0.3116433415091642
3.89,0.7498702438807934,0.7494589525321056,0.23045969327883087,0.16159284374549188
3.9,0.7508304926027886,0.7501322560477118,0.23032683450667757,0.15582167075458386
3.91,0.7517901877465664,0.7507815130091893,0.23011645419346782,0.3029865820227968
3.92,0.7527490063057058,0.752043957100951,0.22982962953778507,0.15293608425912808
3.93,0.7537066297621133,0.752681190785364,0.22946745007639047,0.30010099552734104
3.94,0.7546627441374316,0.7539316116000613,0.22903101714940866,0.3029865820227968
3.95,0.7556170400422209,0.755194055691823,0.22852144336842406,0.1500504977636723
3.96,0.7565692127229227,0.7558192660991716,0.2279398520876167,0.2972154090318888
3.97,0.7575189621066211,0.7570576636368045,0.22728737687800016,0.3029865820227968
3.98,0.7584659928436127,0.7583201077285662,0.2265651610050028,0.3058721685182526
3.99,0.7594100143478002,0.7595945750973923,0.22577435690947273,0.3087577550137084
4.0,0.760350740834923,0.7608810657432827,0.22491612569224662,0.15582167075458386
4.01,0.7612878913586407,0.7615303227047602,0.22399163660244448,0.14716491126821651
4.0200000000000005,0.7622211898444843,0.7621435098350444,0.22300206652953347,0.29432982253643303
4.03,0.7631503651216907,0.7633698840956129,0.22194859949944462,0.2972154090318888
4.04,0.7640751509529383,0.7646082816332458,0.22083242617465226,0.30010099552734104
4.05,0.7649952860619994,0.7658587024479431,0.2196547433585473,0.14716491126821651
4.0600000000000005,0.7659105141593266,0.7664718895782273,0.21841675350407397,0.13850815178185272
4.07,0.7668205839655936,0.7670490068773184,0.21711966422677298,0.2856730630500657
4.08,0.7677252492332052,0.7682393113066937,0.21576468782242308,0.28855864954552146
4.09,0.7686242687657986,0.7694416390131333,0.2143530407892706,0.28855864954552146
4.1,0.7695174064357538,0.770643966719573,0.21288594335501632,0.29144423604097724
4.11,0.7704044311997331,0.7718583177030771,0.21136461900866366,0.13850815178185272
4.12,0.7712851171122692,0.7724354350021682,0.20979029403733063,0.12985139229548537
4.13,0.7721592433374248,0.772976482470066,0.2081641970680247,0.2741307170682461
4.14,0.7730265941585416,0.7741186937911837,0.20648755861466825,0.2770163035637019
4.15,0.7738869589861027,0.7752729283893658,0.20476161063023066,0.1240802193045738
4.16,0.7747401323637286,0.7757899293031348,0.2029875860642663,0.26835954407733453
4.17,0.7755859139723298,0.7769080940701237,0.20116671842576161,0.26835954407733453
4.18,0.7764241086324372,0.7780262588371126,0.19930024135154945,0.2712451305727903
4.19,0.7772545263047352,0.7791564468811659,0.19738938818016763,0.2712451305727903
4.2,0.7780769820888193,0.7802866349252192,0.1954353915314184,0.11830904631366579
4.21,0.7788912962202001,0.7807795892848595,0.1934394828916214,0.2625883710864265
4.22,0.7796972940655819,0.7818737074977196,0.19140289220458548,0.10965228682729844
4.23,0.7804948061164343,0.7823305920261666,0.18932684746845418,0.25393161160005917
4.24,0.7812836679808862,0.7833886404078335,0.1872125743384409,0.09810994084547886
4.25,0.7820637203739631,0.783797431828023,0.18506129573550356,0.2423892656182396
4.26,0.7828348091061944,0.7848073871014323,0.18287423146104023,0.24527485211369537
4.2700000000000005,0.7835967850706154,0.785829365651906,0.18065259781766235,0.24527485211369537
4.28,0.7843495042281889,0.7868513442023797,0.17839760723605635,0.24527485211369537
4.29,0.7850928275916725,0.7878733227528534,0.17611046790806964,0.24527485211369537
4.3,0.7858266212079562,0.7888953013033271,0.17379238342595113,0.08945318135911151
4.3100000000000005,0.7865507561388977,0.7892680228923233,0.17144455242788542,0.23373250613187224
4.32,0.7872651084406805,0.7902419083345394,0.16906816824980792,0.07791083537729193
4.33,0.7879695591417214,0.7905665368152781,0.16666441858357686,0.22219016015005266
4.34,0.788663994219153,0.7914923291492366,0.16423448514150035,0.06636848939547235
4.3500000000000005,0.7893483045739093,0.7917688645217178,0.16177954332728656,0.21064781416822953
4.36,0.7900223860044396,0.7926465637474187,0.15930076191339165,0.21064781416822953
4.37,0.7906861391790788,0.7935242629731196,0.1567993027248917,0.21064781416822953
4.38,0.7913394696070992,0.7944019621988205,0.15427632032978894,0.21064781416822953
4.39,0.7919822876084733,0.7952796614245214,0.15173296173584813,0.05482614341364922
4.4,0.7926145082823727,0.795508103688745,0.1491703660939717,0.19621988169095417
4.41,0.7932360514744309,0.796325686529124,0.14658966440811202,0.19621988169095417
4.42,0.793846841742798,0.7971432693695031,0.14399197925175683,0.19621988169095417
4.43,0.7944468083230136,0.7979608522098821,0.14137842449096244,0.19621988169095417
4.44,0.795035885091726,0.7987784350502611,0.13875010501402954,0.19333429519549838
4.45,0.7956140105292844,0.7995839946135758,0.1361081164676978,0.037512624440918074
4.46,0.7961811276812332,0.799740297215413,0.13345354499999265,0.025970278459098495
4.47,0.7967371841187332,0.7998485067089925,0.1307874670096784,0.17024960323185923
4.48,0.7972821318979402,0.800557880055792,0.1281109489022536,0.16736401673640344
4.49,0.7978159275183663,0.801255230125527,0.12542504685260852,0.16736401673640344
4.5,0.7983385318802522,0.801952580195262,0.12273080657426658,0.16447843024094766
4.51,0.7988499102409783,0.8026379069879327,0.12002926309517908,0.16447843024094766
4.5200000000000005,0.7993500321705416,0.8033232337806033,0.11732144054014959,0.16159284374549188
4.53,0.7998388715061255,0.8039965372962096,0.11460835191980756,0.16159284374549188
4.54,0.8003164063057914,0.8046698408118158,0.11189099892613305,0.002885586495455783
4.55,0.800782618801317,0.8046818640888802,0.10917037173453767,0.14716491126821651
4.5600000000000005,0.8012374953502108,0.8052950512191644,0.10644744881249532,-0.01154234598181958
4.57,0.8016810263869295,0.8052469581109069,0.1037231967346115,0.13273697879094115
4.58,0.8021132063733237,0.8058000288558691,0.1009985700042686,0.12985139229548537
4.59,0.8025340337483415,0.806341076323767,0.09827451088168321,0.12696580580002959
4.6000000000000005,0.8029435108770152,0.8068701005146004,0.09555194921840687,0.12696580580002959
4.61,0.8033416439987586,0.8073991247054338,0.09283180229825094,0.1240802193045738
4.62,0.8037284431750014,0.8079161256192029,0.0901149746846194,0.12119463280912157
4.63,0.8041039222361873,0.8084211032559075,0.08740235807413707,0.11830904631366579
4.64,0.8044680987281629,0.8089140576155478,0.08469483115667387,0.11830904631366579
4.65,0.8048209938579824,0.809407011975188,0.08199325948160291,0.11542345981821
4.66,0.8051626324391558,0.8098879430577639,0.0792984953303422,-0.040398210936370305
4.67,0.8054930428363655,0.8097196171788623,0.07661137759509387,0.10099552734093464
4.68,0.8058122569096784,0.8101404318761162,0.07393273166378689,-0.05771172990910145
4.69,0.8061203099582775,0.8098999663348283,0.07126336931114555,0.0836820083682035
4.7,0.8064172406637407,0.8102486413696958,0.06860408859583217,0.08079642187274771
4.71,0.80670309103289,0.8105852931274988,0.06595567376366843,0.08079642187274771
4.72,0.8069779063402386,0.8109219448853019,0.06331889515686545,0.07791083537729193
4.73,0.8072417350700588,0.8112465733660406,0.0606945091291988,0.07502524888183615
4.74,0.8074946288580971,0.8115591785697148,0.0580832579670878,0.07213966238638037
4.75,0.80773664243296,0.8118597604963247,0.0554858698165715,0.06925407589092458
4.76,0.8079678335571957,0.8121483191458702,0.05290305861606834,0.06636848939547235
4.7700000000000005,0.808188262968096,0.8124248545183513,0.0503355240349011,0.06348290290001657
4.78,0.8083979943182414,0.8126893666137681,0.04778395141751737,0.060597316404560786
4.79,0.8085970941158145,0.8129418554321205,0.04524901173340262,0.057711729909105
4.8,0.8087856316647036,0.8131823209734085,0.042731361532537704,0.05482614341364922
4.8100000000000005,0.8089636790044226,0.8134107632376321,0.040231642906404824,0.05482614341364922
4.82,0.8091313108498659,0.8136392055018556,0.037750483454530886,0.05194055691819344
4.83,0.8092886045309264,0.8138556244890148,0.035288496256345225,0.049054970422741206
4.84,0.8094356399319945,0.8140600201991096,0.032846279848508214,0.04616938392728542
4.8500000000000005,0.8095724994313633,0.81425239263214,0.030424418207447262,0.04328379743182964
4.86,0.809699267840561,0.814432741788106,0.028023480737201623,-0.11542345981820645
4.87,0.8098160323436326,0.8139518107055301,0.02564402226236677,0.025970278459098495
4.88,0.8099228824363925,0.8140600201991097,0.023286583026209146,0.02308469196364271
4.89,0.8100199098656684,0.8141562064156249,0.020951688693804565,0.02019910546818693
4.9,0.8101072085685592,0.8142403693550757,0.018639850360105403,0.017313518972731146
4.91,0.8101848746117263,0.8143125090174621,0.016351564562989,0.014427932477278915
4.92,0.8102530061307387,0.8143726254027841,0.014087313301095486,0.011542345981823132
4.93,0.8103117032694933,0.8144207185110417,0.011847564056451182,0.00865675948636735
4.94,0.8103610681197285,0.8144567883422349,0.009632769821811285,0.005771172990911566
4.95,0.8104012046606527,0.8144808348963637,0.007443369132577676,0.002885586495455783
4.96,0.8104322186987051,0.8144928581734281,0.005279786103344147,0.0
4.97,0.810454217807469,0.8144928581734281,0.0031424304689029736,-0.0028855864954522303
4.98,0.8104673112677561,0.8144808348963637,0.0010316976296343427,-0.005771172990908013
4.99,0.8104716100078796,0.8144567883422349,-0.0010520312986933428,-0.008656759486363796
5.0,0.810467226544135,0.8144207185110417,-0.0031083894309164306,-0.01154234598181958
5.01,0.8104542749215062,0.8143726254027841,-0.0051370240542500945,-0.014427932477275363
5.0200000000000005,0.8104328706546136,0.8143125090174621,-0.007137596565926246,-0.017313518972731146
5.03,0.8104031306689222,0.8142403693550757,-0.009109782406798272,-0.020199105468183376
5.04,0.8103651732422272,0.8141562064156249,-0.011053270990987199,-0.02308469196363916
5.05,0.8103191179464314,0.8140600201991097,-0.012967765631609604,-0.025970278459094942
5.0600000000000005,0.8102650855896331,0.8139518107055301,-0.01485298346270783,-0.028855864954550725
5.07,0.8102031981585385,0.8138315779348861,-0.016708655357400307,-0.03174145145000651
5.08,0.8101335787612159,0.8136993218871778,-0.018534525842420504,-0.03462703794546229
5.09,0.8100563515702058,0.813555042562405,-0.020330353009029314,-0.03751262444091452
5.1000000000000005,0.8099716417660016,0.8133987399605678,-0.022095908420410343,-0.040398210936370305
5.11,0.8098795754809165,0.8132304140816662,-0.023830977015648486,0.11253787332275422
5.12,0.8097802797433513,0.8136993218871776,-0.02553535701036406,-0.03462703794546229
5.13,0.8096738824224748,0.8135550425624049,-0.02720885979401507,-0.03751262444091452
5.14,0.8095605121733331,0.8133987399605677,-0.028851309824060326,-0.040398210936370305
5.15,0.8094402983823995,0.8132304140816661,-0.030462544516958172,-0.04328379743182609
5.16,0.8093133711135788,0.8130500649257001,-0.03204241413614091,-0.04328379743182609
5.17,0.8091798610546782,0.8128697157697341,-0.033590781676990464,-0.04616938392728187
5.18,0.8090398994643574,0.8126773433367037,-0.03510752274896812,-0.049054970422737654
5.19,0.8088936181195701,0.8124729476266089,-0.0365925254549017,-0.05194055691819344
5.2,0.8087411492635079,0.8122565286394497,-0.03804569026753514,-0.05482614341364567
5.21,0.8085826255540599,0.8120280863752263,-0.03946692990347147,-0.05771172990910145
5.22,0.8084181800127954,0.8117876208339384,-0.0408561691944409,-0.06059731640455723
5.23,0.8082479459744852,0.8115351320155861,-0.042213344956196976,-0.06348290290001302
5.24,0.8080720570371678,0.8112706199201695,-0.043538405854864494,-0.0663684893954688
5.25,0.8078906470127725,0.8109940845476884,-0.04483131227102183,-0.06925407589092458
5.26,0.8077038498783099,0.8107055258981429,-0.04609203616151054,-0.06925407589092458
5.2700000000000005,0.807511799727637,0.8104169672485975,-0.04732056091898851,-0.07213966238637681
5.28,0.8073146307238078,0.8101163853219876,-0.048516881229453204,-0.0750252488818326
5.29,0.8071124770520184,0.8098037801183133,-0.04968100292768562,-0.07791083537728838
5.3,0.8069054728731531,0.8094791516375747,-0.05081294285071704,-0.08079642187274416
5.3100000000000005,0.8066937522779417,0.8091424998797716,-0.05191272868942237,-0.08368200836819994
5.32,0.8064774492417358,0.8087938248449041,-0.052980398838351525,-0.08656759486365573
5.33,0.8062566975799094,0.8084331265329723,-0.054016002243721176,-0.08945318135911151
5.34,0.8060316309038938,0.808060404943976,-0.055019598249853974,0.06348290290001657
5.3500000000000005,0.8058023825778527,0.8083249170393928,-0.05599125644396126,-0.08368200836819994
5.36,0.8055690856760029,0.8079762420045253,-0.0569310564994443,-0.08368200836819994
5.37,0.8053318729405886,0.8076275669696579,-0.0578390880177288,-0.08656759486365573
5.38,0.8050908767405147,0.807266868657726,-0.058715450368779926,-0.08945318135911151
5.39,0.8048462290306448,0.8068941470687298,-0.05956025253028874,-0.09233876785456374
5.4,0.8045980613117686,0.8065094022026691,-0.06037361292561551,0.060597316404560786
5.41,0.8043465045912452,0.8067618910210215,-0.061155659260678064,-0.08656759486365573
5.42,0.8040916893443257,0.8064011927090896,-0.06190652835960993,-0.08656759486365573
5.43,0.8038337454761607,0.8060404943971577,-0.06262636599958642,-0.08945318135911151
5.44,0.8035728022844958,0.8056677728081615,-0.06331532674455287,-0.09233876785456374
5.45,0.8033089884230602,0.8052830279421008,-0.06397357377819701,-0.09233876785456374
5.46,0.803042431865651,0.8048982830760402,-0.06460127873605516,-0.09522435435001952
5.47,0.8027732598709175,0.8045015149329151,-0.06519862153693222,-0.09810994084547531
5.48,0.802501598947847,0.8040927235127256,-0.06576579021360837,-0.10099552734093109
5.49,0.802227574821957,0.8036719088154718,-0.06630298074299432,-0.10099552734093109
5.5,0.8019513124021944,0.8032510941182179,-0.06681039687573595,-0.10388111383638687
5.51,0.8016729357485455,0.8028182561438997,-0.06728824996534177,-0.10676670033184266
5.5200000000000005,0.8013925680403565,0.802373394892517,-0.0677367587969231,-0.10676670033184266
5.53,0.8011103315453694,0.8019285336411344,-0.06815614941560348,0.04616938392728542
5.54,0.800826347589471,0.8021209060741648,-0.06854665495462722,-0.10099552734093109
5.55,0.8005407365271601,0.8017000913769109,-0.06890851546330208,-0.10099552734093109
5.5600000000000005,0.8002536177127296,0.801279276679657,-0.06924197773474158,0.05194055691819344
5.57,0.7999651094721683,0.8014956956668162,-0.06954729513356211,-0.09522435435001952
5.58,0.7996753290757784,0.8010989275236912,-0.06982472742351038,-0.09522435435001952
5.59,0.7993843927115138,0.8007021593805661,-0.070074540595187,-0.09810994084547531
5.6000000000000005,0.7990924154590339,0.8002933679603766,-0.07029700669377573,-0.09810994084547531
5.61,0.7987995112644765,0.7998845765401872,-0.07049240364701687,-0.10099552734093109
5.62,0.7985057929159473,0.7994637618429333,-0.07066101509329248,-0.10099552734093109
5.63,0.7982113720197253,0.7990429471456795,-0.07080313021004771,-0.10388111383638687
5.64,0.7979163589771834,0.7986101091713612,-0.07091904354249587,-0.10388111383638687
5.65,0.797620862962423,0.798177271197043,-0.07100905483271418,-0.10676670033184266
5.66,0.79732499190062,0.7977324099456603,-0.0710734688491436,-0.10676670033184266
5.67,0.7970288524470819,0.7972875486942776,-0.0711125952165805,-0.10965228682729489
5.68,0.7967325499670128,0.7968306641658306,-0.07112674824673089,-0.10965228682729489
5.69,0.7964361885159847,0.7963737796373835,-0.07111624676927902,0.04328379743182964
5.7,0.7961398708211127,0.7965541287933495,-0.0710814139636769,-0.10099552734093109
5.71,0.7958436982629307,0.7961333140960957,-0.07102257719154248,-0.10388111383638687
5.72,0.7955477708579659,0.7957004761217774,-0.0709400678298405,0.049054970422741206
5.73,0.7952521872420082,0.7959048718318722,-0.07083422110480705,-0.25104602510459983
5.74,0.7949570446540715,0.7948588467272697,-0.07070537592675627,0.049054970422741206
5.75,0.7946624389210433,0.7950632424373645,-0.07055387472568644,-0.09810994084547531
5.76,0.7943684644430196,0.794654451017175,-0.0703800632878792,-0.09810994084547531
5.7700000000000005,0.79407521417932,0.7942456595969856,-0.07018429059340199,-0.09810994084547531
5.78,0.7937827796351808,0.7938368681767961,-0.06996690865467045,-0.09810994084547531
5.79,0.7934912508491198,0.7934280767566066,-0.06972827235601331,-0.10099552734093109
5.8,0.7932007163809697,0.7930072620593528,-0.06946873929435299,-0.10099552734093109
5.8100000000000005,0.7929112633005765,0.7925864473620989,-0.06918866962103615,-0.10099552734093109
5.82,0.7926229771771555,0.7921656326648451,-0.0688884258847863,-0.10388111383638687
5.83,0.7923359420693021,0.7917327946905268,-0.06856837287590638,-0.10388111383638687
5.84,0.7920502405156525,0.7912999567162086,-0.06822887747172734,-0.10388111383638687
5.8500000000000005,0.7917659535261871,0.7908671187418903,-0.06787030848331174,-0.10676670033184266
5.86,0.7914831605741732,0.7904222574905077,-0.06749303650351454,0.049054970422741206
5.87,0.791201939588742,0.7906266532006024,-0.06709743375640517,-0.09522435435001952
5.88,0.7909223669480903,0.7902298850574774,-0.06668387394800343,-0.09522435435001952
5.89,0.7906445174733069,0.7898331169143523,-0.06625273211856803,-0.09810994084547531
5.9,0.7903684644228128,0.7894243254941629,-0.065804384496218,-0.09810994084547531
5.91,0.790094279487412,0.7890155340739734,-0.06533920835211973,-0.09810994084547531
5.92,0.7898220327859448,0.7886067426537839,-0.06485758185715165,-0.09810994084547531
5.93,0.78955179286154,0.7881979512335945,-0.06435988394016355,-0.10099552734093109
5.94,0.789283626678456,0.7877771365363406,-0.06384649414773799,0.05482614341364922
5.95,0.789017599619507,0.7880055788005642,-0.06331779250563765,-0.08945318135911151
5.96,0.7887537754840669,0.787632857211568,-0.06277415938184061,-0.08945318135911151
5.97,0.7884922164866426,0.7872601356225717,-0.06221597535121001,-0.08945318135911151
5.98,0.7882329832560125,0.7868874140335754,-0.06164362106191702,-0.08945318135911151
5.99,0.7879761348349212,0.7865146924445792,-0.061057477103508714,0.06348290290001657
6.0,0.7877217286803233,0.786779204539996,-0.06045792387672269,-0.08079642187274416
6.01,0.7874698206641703,0.7864425527821929,-0.05984534146506516,-0.08079642187274416
6.0200000000000005,0.7872204650747325,0.7861059010243898,-0.05922010950816804,-0.08079642187274416
6.03,0.7869737146184484,0.7857692492665868,-0.05858260707688494,-0.08079642187274416
6.04,0.7867296204222948,0.7854325975087837,-0.05793321255031364,-0.08079642187274416
6.05,0.7864882320366685,0.7850959457509806,-0.05727230349450792,-0.08079642187274416
6.0600000000000005,0.7862495974387748,0.7847592939931776,-0.056600256543164626,-0.08079642187274416
6.07,0.7860137630365116,0.7844226422353745,-0.05591744728011372,-0.08079642187274416
6.08,0.7857807736728445,0.7840859904775714,-0.05522425012370388,-0.08079642187274416
6.09,0.7855506726306624,0.7837493387197684,-0.05452103821309151,0.07502524888183615
6.1000000000000005,0.7853235016381078,0.7840619439234426,-0.053808183296457535,-0.06925407589092458
6.11,0.7850993008743726,0.7837733852738972,-0.05308605562111017,-0.06925407589092458
6.12,0.7848781089759513,0.7834848266243517,-0.05235502382557576,-0.06925407589092458
6.13,0.7846599630433447,0.7831962679748062,-0.051615454833624896,-0.06925407589092458
6.140000000000001,0.7844448986482047,0.7829077093252608,-0.05086771375025184,-0.0663684893954688
6.15,0.784232949840912,0.7826311739527797,-0.050112163759619605,-0.0663684893954688
6.16,0.7840241491585802,0.7823546385802986,-0.049349166025035654,-0.0663684893954688
6.17,0.7838185276334759,0.7820781032078176,-0.048579079590871016,-0.0663684893954688
6.18,0.7836161148018473,0.7818015678353365,-0.04780226128648862,-0.0663684893954688
6.19,0.7834169387131537,0.7815250324628554,-0.04701906563220273,-0.0663684893954688
6.2,0.7832210259396861,0.7812484970903744,-0.046229844747230964,-0.0663684893954688
6.21,0.7830284015865726,0.7809719617178933,-0.045434948259668706,-0.0663684893954688
6.22,0.7828390893021573,0.7806954263454122,-0.04463472321849171,-0.0663684893954688
6.23,0.7826531112887469,0.7804188909729312,-0.04382951400758084,-0.0663684893954688
6.24,0.7824704883137154,0.7801423556004501,-0.04301966226177828,-0.06348290290001302
6.25,0.7822912397209579,0.7798778435050334,-0.04220550678499678,-0.06348290290001302
6.26,0.7821153834426872,0.7796133314096167,-0.04138738347033778,0.08945318135911151
6.2700000000000005,0.7819429360115607,0.779986052998613,-0.04056562522224176,-0.05194055691819344
6.28,0.7817739125731348,0.7797696340114538,-0.039740561880737074,-0.05194055691819344
6.29,0.7816083268986317,0.7795532150242946,-0.038912520147612054,-0.05194055691819344
6.3,0.7814461913980166,0.7793367960371355,-0.038081823514763975,-0.05194055691819344
6.3100000000000005,0.7812875171333717,0.7791203770499763,-0.03724879219444651,-0.049054970422737654
6.32,0.7811323138325615,0.7789159813398815,-0.036413743051653784,-0.049054970422737654
6.33,0.7809805899031796,0.7787115856297867,-0.03557698953846008,-0.049054970422737654
6.34,0.7808323524467694,0.7785071899196919,-0.03473884163043674,-0.049054970422737654
6.3500000000000005,0.7806876072733092,0.7783027942095971,-0.03389960576504942,0.10676670033184266
6.36,0.7805463589159548,0.7787476554609798,-0.03305958478211034,-0.03751262444091452
6.37,0.7804086106460294,0.7785913528591426,-0.03221907786619807,-0.03462703794546229
6.38,0.7802743644882536,0.7784470735343698,-0.03137838049109994,-0.03462703794546229
6.390000000000001,0.7801436212362074,0.778302794209597,-0.030537784366282128,-0.03462703794546229
6.4,0.7800163804680146,0.7781585148848242,-0.029697577385285223,-0.03174145145000651
6.41,0.7798926405622426,0.7780262588371158,-0.028858043576162097,-0.03174145145000651
6.42,0.7797723987140086,0.7778940027894075,-0.028019463053838872,-0.03174145145000651
6.43,0.7796556509512843,0.7777617467416991,-0.02718211197449151,-0.03174145145000651
6.44,0.7795423921513905,0.7776294906939907,-0.026346262491810782,-0.028855864954550725
6.45,0.7794326160576747,0.7775092579233467,-0.02551218271529354,-0.028855864954550725
6.46,0.779326315296361,0.7773890251527027,-0.024680136670368093,-0.028855864954550725
6.47,0.7792234813935678,0.7772687923820587,-0.023850384260529774,-0.025970278459094942
6.48,0.7791241047924823,0.7771605828884791,-0.0230231812313475,-0.025970278459094942
6.49,0.779028174870685,0.7770523733948995,-0.02219877913634126,-0.025970278459094942
6.5,0.7789356799576169,0.7769441639013199,-0.021377425304814665,-0.02308469196363916
6.51,0.7788466073521801,0.7768479776848047,-0.020559362811464157,-0.02308469196363916
6.5200000000000005,0.7787609433404657,0.7767517914682895,-0.019744830447956288,-0.02308469196363916
6.53,0.7786786732135993,0.7766556052517744,-0.018934062696218945,-0.02308469196363916
6.54,0.7785997812856984,0.7765594190352592,-0.018127289703693844,-0.020199105468183376
6.55,0.778524250911933,0.7764752560958084,-0.017324737260296805,-0.020199105468183376
6.5600000000000005,0.7784520645066818,0.7763910931563576,-0.01652662677723829,-0.020199105468183376
6.57,0.7783832035617766,0.7763069302169068,-0.015733175267575672,-0.017313518972731146
6.58,0.7783176486648283,0.7762347905545204,-0.014944595328605328,-0.017313518972731146
6.59,0.7782553795176258,0.776162650892134,-0.014161095125900053,-0.017313518972731146
6.6000000000000005,0.7781963749546013,0.7760905112297476,-0.013382878379172639,-0.014427932477275363
6.61,0.7781406129613547,0.7760303948444256,-0.012610144349789645,-0.014427932477275363
6.62,0.7780880706932306,0.7759702784591036,-0.011843087830022685,0.14139373827730495
6.63,0.7780387244939388,0.776559419035259,-0.01108189913394602,-0.0028855864954522303
6.640000000000001,0.7779925499142141,0.7765473957581946,-0.010326764090003548,0.0
6.65,0.7779495217305057,0.7765473957581946,-0.00957786403522265,0.0
6.66,0.7779096139636923,0.7765473957581946,-0.008835375811046119,-0.15293608425912453
6.67,0.7778727998978129,0.7759101620737816,-0.008099471760734146,-0.008656759486363796
6.68,0.7778390520988098,0.7758740922425884,-0.0073703197284233565,-0.008656759486363796
6.69,0.7778083424332747,0.7758380224113952,-0.006648083059650672,-0.005771172990908013
6.7,0.7777806420871928,0.7758139758572664,-0.0059329206034772,0.1500504977636723
6.71,0.7777559215846783,0.776439186264615,-0.0052249867161436175,0.005771172990911566
6.72,0.7777341508066944,0.7764632328187439,-0.004524431266154531,0.00865675948636735
6.73,0.7777152990097521,0.776499302649937,-0.0038313996409341453,0.00865675948636735
6.74,0.7776993348445815,0.7765353724811302,-0.0031460327548426675,-0.14427932477275718
6.75,0.7776862263747697,0.7759342086279104,-0.0024684670587173524,0.0
6.76,0.7776759410953584,0.7759342086279104,-0.0017988345507445672,0.0
6.7700000000000005,0.777668445951397,0.7759342086279104,-0.0011372627887735326,0.0
6.78,0.7776637073564437,0.7759342086279104,-0.0004838749040123706,0.1587072572500361
6.79,0.7776616912110104,0.7765954888664522,0.00016121038401555737,0.014427932477278915
6.8,0.7776623629209438,0.7766556052517742,0.0007978787510738508,0.014427932477278915
6.8100000000000005,0.7776656874157399,0.7767157216370962,0.0014260202506258986,0.017313518972731146
6.82,0.7776716291667842,0.7767878612994826,0.0020455292948676172,-0.13850815178184916
6.83,0.7776801522055129,0.7762107440003916,0.002656304634609752,0.00865675948636735
6.84,0.7776912201414904,0.7762468138315848,0.00325824933784874,0.00865675948636735
6.8500000000000005,0.7777047961803981,0.776282883662778,0.0038512707671381798,0.00865675948636735
6.86,0.7777208431419279,0.7763189534939712,0.004435280555850171,0.16447843024094766
6.87,0.7777393234775772,0.7770042802866418,0.0050101945831754376,-0.1327369787909376
6.88,0.7777601992883405,0.7764512095416796,0.005575932948027142,0.011542345981823132
6.890000000000001,0.7777834323422906,0.7764993026499372,0.006132419941886513,0.014427932477278915
6.9,0.7778089840920485,0.7765594190352592,0.0066795840204501335,0.014427932477278915
6.91,0.7778368156921337,0.7766195354205812,0.007217357774291274,0.014427932477278915
6.92,0.7778668880161932,0.7766796518059031,0.007745677898480876,0.014427932477278915
6.93,0.7778991616741036,0.7767397681912251,0.008264485161107938,0.017313518972731146
6.94,0.7779335970289415,0.7768119078536115,0.00877372437093777,0.017313518972731146
6.95,0.7779701542138204,0.7768840475159979,0.009273344343954437,0.017313518972731146
6.96,0.778008793148587,0.7769561871783843,0.009763297869086935,0.02019910546818693
6.97,0.7780494735563748,0.7770403501178351,0.010243541672925117,0.02019910546818693
6.98,0.7780921549800119,0.7771245130572859,0.01071403638356181,0.02019910546818693
6.99,0.7781367967982767,0.7772086759967367,0.01117474649360439,0.02308469196364271
7.0,0.7781833582420001,0.7773048622132519,0.011625640322256948,0.02308469196364271
7.01,0.7782317984100096,0.7774010484297671,0.012066689976663948,0.02308469196364271
7.0200000000000005,0.7782820762849123,0.7774972346462823,0.012497871312365929,0.02308469196364271
7.03,0.7783341507487138,0.7775934208627975,0.012919163893045638,0.025970278459098495
7.04,0.7783879805982682,0.7777016303563771,0.01333055094949142,0.025970278459098495
7.05,0.7784435245605578,0.7778098398499567,0.013732019337834772,0.025970278459098495
7.0600000000000005,0.7785007413077988,0.7779180493435363,0.01412355949707364,0.028855864954554278
7.07,0.7785595894723699,0.7780382821141802,0.01450516540593388,0.028855864954554278
7.08,0.7786200276615614,0.7781585148848242,0.01487683453903961,0.028855864954554278
7.09,0.7786820144721407,0.7782787476554682,0.015238567822502668,0.03174145145001006
7.1000000000000005,0.7787455085047345,0.7784110037031766,0.015590369588826529,0.03174145145001006
7.11,0.7788104683780213,0.778543259750885,0.015932247531291258,0.03174145145001006
7.12,0.778876852742735,0.7786755157985934,0.01626421265773974,0.03174145145001006
7.13,0.7789446202954756,0.7788077718463018,0.01658627924381499,0.03462703794546229
7.140000000000001,0.7790137297923249,0.7789520511710746,0.01689846478571205,0.03462703794546229
7.15,0.7790841400622653,0.7790963304958474,0.017200789952391566,0.03462703794546229
7.16,0.7791558100204004,0.7792406098206202,0.017493278537363433,0.037512624440918074
7.17,0.7792286986809727,0.7793969124224573,0.01777595740999982,0.037512624440918074
7.18,0.779302765170181,0.7795532150242945,0.018048856466391743,0.037512624440918074
7.19,0.7793779687387911,0.7797095176261317,0.01831200857988809,-0.11542345981820645
7.2,0.7794542687745406,0.7792285865435559,0.018565449551141696,0.028855864954554278
7.21,0.779531624814337,0.7793488193141999,0.018809218057872598,0.028855864954554278
7.22,0.7796099965562449,0.7794690520848438,0.019043355604267675,0.028855864954554278
7.23,0.7796893438712627,0.7795892848554878,0.019267906470071372,0.03174145145001006
7.24,0.7797696268148879,0.7797215409031962,0.019482917659358667,0.03174145145001006
7.25,0.7798508056384685,0.7798537969509046,0.019688438849062784,0.03174145145001006
7.26,0.7799328408003396,0.779986052998613,0.01988452233723198,0.03174145145001006
7.2700000000000005,0.7800156929767448,0.7801183090463214,0.02007122299108173,0.03174145145001006
7.28,0.7800993230725409,0.7802505650940298,0.020248598194786145,0.03462703794546229
7.29,0.7801836922316858,0.7803948444188026,0.02041670779713192,0.03462703794546229
7.3,0.7802687618475072,0.7805391237435754,0.020575614058974085,0.03462703794546229
7.3100000000000005,0.7803544935727529,0.7806834030683482,0.020725381600552206,0.03462703794546229
7.32,0.7804408493294218,0.780827682393121,0.020866077348686257,0.03462703794546229
7.33,0.7805277913183747,0.7809719617178937,0.020997770483823404,0.037512624440918074
7.34,0.780615282028724,0.7811282643197309,0.02112053238706436,-0.11830904631366224
7.3500000000000005,0.7807032842470034,0.7806353099600907,0.021234436587054838,0.025970278459098495
7.36,0.7807917610661161,0.7807435194536703,0.021339558706850326,0.025970278459098495
7.37,0.7808806758940614,0.7808517289472499,0.02143597641076741,0.025970278459098495
7.38,0.7809699924624396,0.7809599384408294,0.02152376935120407,0.025970278459098495
7.390000000000001,0.7810596748347363,0.781068147934409,0.02160301911543827,0.028855864954554278
7.4,0.781149687414384,0.781188380705053,0.021673809172514956,0.028855864954554278
7.41,0.7812399949526028,0.781308613475697,0.021736224820122794,0.028855864954554278
7.42,0.78133056255602,0.781428846246341,0.021790353131532342,0.028855864954554278
7.43,0.781421355694068,0.781549079016985,0.02183628290264718,0.028855864954554278
7.44,0.7815123402061623,0.781669311787629,0.021874104599108213,0.028855864954554278
7.45,0.7816034823086586,0.781789544558273,0.021903910303528628,0.028855864954554278
7.46,0.7816947486015899,0.781909777328917,0.021925793662869654,0.028855864954554278
7.47,0.7817861060751853,0.782030010099561,0.021939849835912455,0.028855864954554278
7.48,0.7818775221161682,0.782150242870205,0.021946175440974082,0.028855864954554278
7.49,0.7819689645138389,0.782270475640849,0.02194486850368394,0.03174145145001006
7.5,0.7820604014659376,0.7824027316885573,0.021936028405064634,0.03174145145001006
7.51,0.782151801584292,0.7825349877362657,0.021919755829765103,0.03174145145001006
7.5200000000000005,0.7822431339002494,0.7826672437839741,0.021896152714496367,0.03174145145001006
7.53,0.7823343678698931,0.7827994998316825,0.021865322196770346,0.03174145145001006
7.54,0.7824254733790463,0.7829317558793909,0.021827368563809194,0.03174145145001006
7.55,0.7825164207480622,0.7830640119270993,0.021782397201809935,0.03174145145001006
7.5600000000000005,0.782607180736403,0.7831962679748077,0.021730514545385094,0.03174145145001006
7.57,0.7826977245470088,0.7833285240225161,0.021671828027409593,0.03174145145001006
7.58,0.7827880238304563,0.7834607800702245,0.02160644602909563,0.03174145145001006
7.59,0.7828780506889109,0.7835930361179329,0.021534477830389472,0.03462703794546229
7.6000000000000005,0.7829677776798709,0.7837373154427056,0.02145603356077789,0.03462703794546229
7.61,0.7830571778197075,0.7838815947674784,0.02137122415033415,0.03462703794546229
7.62,0.7831462245870006,0.7840258740922512,0.021280161281208007,0.03462703794546229
7.63,0.7832348919256723,0.784170153417024,0.021182957339431558,0.03462703794546229
7.640000000000001,0.78332315424792,0.7843144327417968,0.021079725367158863,0.03462703794546229
7.65,0.7834109864369498,0.7844587120665696,0.020970579015237814,0.03462703794546229
7.66,0.7834983638495133,0.7846029913913424,0.02085563249623696,0.03462703794546229
7.67,0.7835852623182477,0.7847472707161152,0.020735000537860877,0.03462703794546229
7.68,0.7836716581538221,0.784891550040888,0.02060879833681283,0.03462703794546229
7.69,0.7837575281468921,0.7850358293656607,0.02047714151307725,0.037512624440918074
7.7,0.7838428495698633,0.7851921319674979,0.020340146064639096,0.037512624440918074
7.71,0.783927600178466,0.7853484345693351,0.020197928322699194,-0.11830904631366224
7.72,0.7840117582131438,0.7848554802096949,0.020050604907328518,0.025970278459098495
7.73,0.7840953024002577,0.7849636897032745,0.01989829268357064,0.025970278459098495
7.74,0.7841782119531059,0.785071899196854,0.01974110871810896,0.025970278459098495
7.75,0.7842604665727647,0.7851801086904336,0.01957917023632411,0.1817919492136788
7.76,0.7843420464487494,0.7859375751454907,0.019412594579959284,-0.11830904631366224
7.7700000000000005,0.7844229322594992,0.7854446207858504,0.01924149916518437,0.025970278459098495
7.78,0.7845031051726875,0.78555283027943,0.019066001441281292,0.025970278459098495
7.79,0.7845825468453596,0.7856610397730096,0.018886218849782487,0.025970278459098495
7.8,0.7846612394239003,0.7857692492665892,0.01870226878417345,0.025970278459098495
7.8100000000000005,0.7847391655438344,0.7858774587601688,0.018514268550116758,0.025970278459098495
7.82,0.7848163083294599,0.7859856682537484,0.018322335326246296,0.025970278459098495
7.83,0.7848926513933193,0.786093877747328,0.018126586125493588,0.025970278459098495
7.84,0.7849681788355088,0.7862020872409076,0.017927137756970288,0.025970278459098495
7.8500000000000005,0.7850428752428296,0.7863102967344872,0.017724106788419916,0.025970278459098495
7.86,0.7851167256877813,0.7864185062280667,0.017517609509264113,0.025970278459098495
7.87,0.7851897157274033,0.7865267157216463,0.017307761894180054,0.025970278459098495
7.88,0.7852618314019624,0.7866349252152259,0.01709467956727183,0.025970278459098495
7.890000000000001,0.7853330592334927,0.7867431347088055,0.016878477766866712,0.025970278459098495
7.9,0.785403386224188,0.7868513442023851,0.016659271310837245,0.025970278459098495
7.91,0.7854727998546499,0.7869595536959647,0.016437174562557354,0.025970278459098495
7.92,0.7855412880819939,0.7870677631895443,0.016212301397458613,0.025970278459098495
7.930000000000001,0.7856088393378166,0.7871759726831239,0.01598476517014964,0.025970278459098495
7.94,0.7856754425260255,0.7872841821767035,0.015754678682195794,0.025970278459098495
7.95,0.7857410870205347,0.7873923916702831,0.015522154150465685,0.025970278459098495
7.96,0.7858057626628283,0.7875006011638627,0.015287303176104897,0.025970278459098495
7.97,0.7858694597593954,0.7876088106574423,0.015050236714111702,0.025970278459098495
7.98,0.7859321690790375,0.7877170201510219,0.014811065043540808,0.025970278459098495
7.99,0.7859938818500523,0.7878252296446014,0.014569897738344953,0.025970278459098495
8.0,0.7860545897572954,0.787933439138181,0.014326843638780416,0.025970278459098495
8.01,0.7861142849391236,0.7880416486317606,0.014082010823500048,0.025970278459098495
8.02,0.7861729599842215,0.7881498581253402,0.013835506582221067,-0.12985139229548182
8.03,0.7862306079283141,0.7876088106574424,0.013587437389055199,0.014427932477278915
8.040000000000001,0.7862872222507685,0.7876689270427644,0.0133379088764276,0.014427932477278915
8.05,0.786342796871087,0.7877290434280864,0.01308702580966653,0.014427932477278915
8.06,0.7863973261452939,0.7877891598134084,0.012834892062184133,0.17024960323185923
8.07,0.7864508048622196,0.7884985331602078,0.012581610591293889,0.025970278459098495
8.08,0.7865032282396833,0.7886067426537874,0.012327283414683608,0.025970278459098495
8.09,0.7865545919205779,0.788714952147367,0.012072011587474209,-0.12985139229548182
8.1,0.786604891968859,0.7881739046794691,0.011815895179950471,0.014427932477278915
8.11,0.7866541248654421,0.7882340210647911,0.01155903325586492,0.014427932477278915
8.120000000000001,0.7867022875040082,0.7882941374501131,0.011301523851435458,0.014427932477278915
8.13,0.7867493771867224,0.7883542538354351,0.01104346395492116,0.014427932477278915
8.14,0.786795391619868,0.7884143702207571,0.01078494948681915,0.011542345981823132
8.15,0.7868403289093964,0.7884624633290147,0.010526075280752441,0.011542345981823132
8.16,0.7868841875563996,0.7885105564372723,0.010266935064854758,0.011542345981823132
8.17,0.7869269664525032,0.7885586495455299,0.01000762144393975,0.011542345981823132
8.18,0.7869686648751862,0.7886067426537875,0.009748225882129952,0.011542345981823132
8.19,0.7870092824830285,0.7886548357620451,0.009488838686205928,0.011542345981823132
8.2,0.7870488193108877,0.7887029288703027,0.009229548989543316,0.011542345981823132
8.21,0.7870872757650108,0.7887510219785603,0.008970444736626698,0.011542345981823132
8.22,0.7871246526180801,0.7887991150868179,0.008711612668248207,0.011542345981823132
8.23,0.7871609510041978,0.7888472081950755,0.008453138307207769,0.011542345981823132
8.24,0.7871961724138111,0.7888953013033331,0.008195105944742626,0.00865675948636735
8.25,0.7872303186885808,0.7889313711345263,0.007937598627422809,0.00865675948636735
8.26,0.7872633920161951,0.7889674409657195,0.007680698144767437,0.00865675948636735
8.27,0.7872953949251317,0.7890035107969127,0.007424485017371744,0.00865675948636735
8.28,0.7873263302793707,0.7890395806281059,0.007169038485659682,0.00865675948636735
8.290000000000001,0.7873562012730609,0.7890756504592991,0.006914436499200462,0.00865675948636735
8.3,0.787385011425141,0.7891117202904923,0.006660755706642332,0.00865675948636735
8.31,0.7874127645739186,0.7891477901216855,0.006408071446195483,0.00865675948636735
8.32,0.7874394648716111,0.7891838599528787,0.006156457736692614,0.00865675948636735
8.33,0.7874651167788473,0.7892199297840718,0.005905987269228105,0.00865675948636735
8.34,0.7874897250591358,0.789255999615265,0.00565673139936498,0.005771172990911566
8.35,0.7875132947732999,0.7892800461693938,0.005408760139886278,0.005771172990911566
8.36,0.7875358312738827,0.7893040927235226,0.005162142154119651,-0.14716491126821296
8.370000000000001,0.7875573401995248,0.7886909055932384,0.0049169447497886855,-0.005771172990908013
8.38,0.7875778274693156,0.7886668590391096,0.004673233873454766,-0.005771172990908013
8.39,0.7875972992771216,0.7886428124849808,0.004431074105450858,-0.005771172990908013
8.4,0.7876157620858943,0.788618765930852,0.004190528655374835,0.14716491126821651
8.41,0.7876332226219585,0.7892319530611362,0.003951659358113702,0.002885586495455783
8.42,0.7876496878692839,0.7892439763382006,0.0037145266703920536,0.002885586495455783
8.43,0.7876651650637438,0.789255999615265,0.003479189667813987,0.002885586495455783
8.44,0.7876796616873597,0.7892680228923294,0.003245706042467284,-0.15293608425912453
8.45,0.7876931854625366,0.7886307892079164,0.0030141321009908417,-0.008656759486363796
8.46,0.7877057443462908,0.7885947193767232,0.0027845227631664825,-0.008656759486363796
8.47,0.7877173465244707,0.78855864954553,0.00255693156100565,-0.008656759486363796
8.48,0.7877280004059749,0.7885225797143368,0.0023314106382935802,0.14427932477276073
8.49,0.7877377146169678,0.7891237435675567,0.0021080107506826398,0.0
8.5,0.7877464979950957,0.7891237435675567,0.0018867812661945947,0.0
8.51,0.7877543595837048,0.7891237435675567,0.0016677701662205693,0.0
8.52,0.787761308626064,0.7891237435675567,0.0014510240470068901,0.0
8.53,0.7877673545595931,0.7891237435675567,0.0012365881215607132,0.0
8.540000000000001,0.7877725070100996,0.7891237435675567,0.0010245062220302654,0.0
8.55,0.7877767757860247,0.7891237435675567,0.0008148208025234825,0.0
8.56,0.7877801708727018,0.7891237435675567,0.0006075729423563464,-0.0028855864954522303
8.57,0.7877827024266283,0.7891117202904923,0.00040280234974596554,-0.0028855864954522303
8.58,0.7877843807697522,0.7890996970134279,0.00020054736592910703,-0.0028855864954522303
8.59,0.787785216383777,0.7890876737363635,8.449696619582114e-07,-0.0028855864954522303
8.6,0.7877852199044839,0.7890756504592991,-0.00019626921780245554,-0.0028855864954522303
8.61,0.7877844021160764,0.7890636271822347,-0.0003907609274121631,-0.0028855864954522303
8.620000000000001,0.7877827739455455,0.7890516039051703,-0.0005825972365664667,-0.0028855864954522303
8.63,0.7877803464570599,0.7890395806281059,-0.0007717465629651244,-0.0028855864954522303
8.64,0.7877771308463808,0.7890275573510415,-0.0009581786581420934,-0.0028855864954522303
8.65,0.7877731384353052,0.7890155340739771,-0.0011418646005660607,-0.0028855864954522303
8.66,0.7877683806661362,0.7890035107969127,-0.0013227767883838828,-0.005771172990908013
8.67,0.7877628690961846,0.7889794642427839,-0.0015008889318106613,-0.005771172990908013
8.68,0.7877566153923021,0.7889554176886551,-0.0016761760451878271,-0.005771172990908013
8.69,0.7877496313254472,0.7889313711345263,-0.0018486144386599297,-0.005771172990908013
8.700000000000001,0.787741928765286,0.7889073245803975,-0.00201818170953022,-0.005771172990908013
8.71,0.7877335196748296,0.7888832780262687,-0.002184856733293372,-0.005771172990908013
8.72,0.7877244161051076,0.7888592314721399,-0.0023486196543190613,-0.005771172990908013
8.73,0.7877146301898812,0.7888351849180111,-0.0025094518762473587,-0.005771172990908013
8.74,0.7877041741403968,0.7888111383638823,-0.00266733605207719,-0.005771172990908013
8.75,0.7876930602401798,0.7887870918097535,-0.0028222560739032225,-0.005771172990908013
8.76,0.7876813008398719,0.7887630452556247,-0.002974197062444034,-0.008656759486363796
8.77,0.7876689083521117,0.7887269754244315,-0.003123145356197659,-0.008656759486363796
8.78,0.7876558952464608,0.7886909055932383,-0.0032690885003765985,-0.008656759486363796
8.790000000000001,0.7876422740443759,0.7886548357620451,-0.003412015235546101,-0.008656759486363796
8.8,0.7876280573142278,0.7886187659308519,-0.003551915486008783,-0.008656759486363796
8.81,0.7876132576663695,0.7885826960996587,-0.003688780347921539,-0.008656759486363796
8.82,0.7875978877482531,0.7885466262684655,-0.003822602077164932,-0.008656759486363796
8.83,0.7875819602395983,0.7885105564372723,-0.003953374076998223,-0.008656759486363796
8.84,0.7875654878476107,0.7884744866060791,-0.00408109088542738,-0.008656759486363796
8.85,0.7875484833022548,0.7884384167748859,-0.004205748162404798,-0.008656759486363796
8.86,0.7875309593515781,0.7884023469436927,-0.004327342676742601,-0.01154234598181958
8.870000000000001,0.7875129287570917,0.7883542538354351,-0.0044458722928929825,-0.01154234598181958
8.88,0.7874944042892046,0.7883061607271775,-0.00456133595746106,-0.01154234598181958
8.89,0.7874753987227152,0.7882580676189199,-0.004673733685538127,-0.01154234598181958
8.9,0.7874559248323588,0.7882099745106623,-0.004783066546841712,-0.01154234598181958
8.91,0.7874359953884137,0.7881618814024047,-0.004889336651706971,-0.01154234598181958
8.92,0.7874156231523649,0.7881137882941471,-0.004992547136833208,-0.01154234598181958
8.93,0.7873948208726281,0.7880656951858895,-0.005092702150938615,-0.01154234598181958
8.94,0.7873736012803325,0.7880176020776319,-0.005189806840176347,-0.01154234598181958
8.950000000000001,0.7873519770851651,0.7879695089693743,-0.005283867333482261,-0.01154234598181958
8.96,0.7873299609712756,0.7879214158611167,-0.005374890727672165,-0.014427932477275363
8.97,0.7873075655932437,0.7878612994757948,-0.005462885072510653,-0.014427932477275363
8.98,0.7872848035721082,0.7878011830904728,-0.005547859355541334,-0.014427932477275363
8.99,0.7872616874914601,0.7877410667051508,-0.005629823486882317,-0.014427932477275363
9.0,0.787238229893598,0.7876809503198288,-0.005708788283816979,-0.014427932477275363
9.01,0.7872144432757489,0.7876208339345068,-0.005784765455355378,-0.014427932477275363
9.02,0.7871903400863516,0.7875607175491848,-0.005857767586601592,0.14139373827730495
9.03,0.7871659327214074,0.7881498581253402,-0.005927808123113936,-0.0028855864954522303
9.040000000000001,0.7871412335208945,0.7881378348482758,-0.005994901355093873,-0.0028855864954522303
9.05,0.7871162547652483,0.7881258115712114,-0.0060590624015373126,-0.0028855864954522303
9.06,0.7870910086719085,0.788113788294147,-0.006120307194282337,-0.1587072572500361
9.07,0.7870655073919324,0.7874525080556052,-0.0061786524620013545,-0.014427932477275363
9.08,0.787039763006674,0.7873923916702832,-0.006234115714093108,-0.014427932477275363
9.09,0.787013787524532,0.7873322752849612,-0.006286715224587491,-0.014427932477275363
9.1,0.7869875928777629,0.7872721588996392,-0.006336470015879097,0.13850815178185272
9.11,0.7869611909193633,0.7878492761987302,-0.006383399842551446,-0.005771172990908013
9.120000000000001,0.7869345934200194,0.7878252296446014,-0.006427525175046833,-0.005771172990908013
9.13,0.7869078120651234,0.7878011830904726,-0.006468867183354176,-0.005771172990908013
9.14,0.7868808584518594,0.7877771365363438,-0.006507447720654612,-0.16159284374548832
9.15,0.7868537440863567,0.7871038330207376,-0.006543289306973071,-0.017313518972731146
9.16,0.786826480380911,0.7870316933583512,-0.006576415112749583,-0.017313518972731146
9.17,0.7867990786512745,0.7869595536959648,-0.00660684894245837,-0.017313518972731146
9.18,0.7867715501140142,0.7868874140335784,-0.006634615218196582,0.13850815178185272
9.19,0.7867439058839384,0.7874645313326695,-0.006659738963283694,-0.005771172990908013
9.200000000000001,0.7867161569715914,0.7874404847785407,-0.006682245785837419,-0.005771172990908013
9.21,0.7866883142808171,0.7874164382244119,-0.00670216186240849,-0.005771172990908013
9.22,0.7866603886063904,0.7873923916702831,-0.006719513921583004,-0.005771172990908013
9.23,0.7866323906317172,0.7873683451161543,-0.006734329227656899,-0.005771172990908013
9.24,0.786604330926602,0.7873442985620255,-0.006746635564291203,-0.005771172990908013
9.25,0.7865762199450841,0.7873202520078967,-0.006756461218228715,-0.005771172990908013
9.26,0.7865480680233414,0.7872962054537679,-0.006763834963044769,-0.005771172990908013
9.27,0.786519885377662,0.7872721588996391,-0.0067687860429320405,-0.005771172990908013
9.28,0.7864916821024832,0.7872481123455103,-0.006771344156542824,-0.005771172990908013
9.290000000000001,0.7864634681684977,0.7872240657913815,-0.006771539440865625,-0.005771172990908013
9.3,0.7864352534208274,0.7872000192372527,-0.0067694024552064185,-0.005771172990908013
9.31,0.7864070475772641,0.7871759726831239,-0.0067649641651703115,-0.005771172990908013
9.32,0.7863788602265759,0.7871519261289951,-0.006758255926758277,-0.005771172990908013
9.33,0.7863507008268811,0.7871278795748663,-0.006749309470516473,-0.005771172990908013
9.34,0.7863225787040873,0.7871038330207375,-0.006738156885754165,-0.005771172990908013
9.35,0.7862945030503966,0.7870797864666087,-0.006724830604865024,-0.005771172990908013
9.36,0.7862664829228764,0.7870557399124799,-0.006709363387728921,-0.005771172990908013
9.370000000000001,0.7862385272420942,0.7870316933583511,-0.006691788306163215,-0.005771172990908013
9.38,0.7862106447908185,0.7870076468042223,-0.0066721387285392265,-0.005771172990908013
9.39,0.786182844212783,0.7869836002500935,-0.0066504483044488305,-0.005771172990908013
9.4,0.7861551340115144,0.7869595536959647,-0.0066267509494462515,-0.005771172990908013
9.41,0.786127522549225,0.7869355071418359,-0.006601080829999592,-0.005771172990908013
9.42,0.7861000180457667,0.7869114605877071,-0.0065734723484133645,-0.005771172990908013
9.43,0.7860726285776483,0.7868874140335783,-0.006543960127985303,-0.005771172990908013
9.44,0.786045362077115,0.7868633674794495,-0.006512578998207789,-0.005771172990908013
9.450000000000001,0.786018226331289,0.7868393209253207,-0.0064793639801144325,-0.005771172990908013
9.46,0.7859912289813719,0.7868152743711919,-0.006444350271754022,-0.005771172990908013
9.47,0.7859643775219062,0.7867912278170631,-0.006407573233778367,-0.005771172990908013
9.48,0.7859376793000987,0.7867671812629343,-0.006369068375176921,-0.005771172990908013
9.49,0.7859111415152021,0.7867431347088055,-0.0063288713391334945,-0.005771172990908013
9.5,0.7858847712179557,0.7867190881546767,-0.006287017889019939,-0.005771172990908013
9.51,0.7858585753100849,0.7866950416005479,-0.006243543894542523,-0.005771172990908013
9.52,0.7858325605438576,0.7866709950464191,-0.006198485318015655,-0.005771172990908013
9.53,0.7858067335216993,0.7866469484922903,-0.006151878200789233,-0.005771172990908013
9.540000000000001,0.7857811006958626,0.7866229019381615,-0.006103758649827639,-0.005771172990908013
9.55,0.785755668368155,0.7865988553840327,-0.00605416282444987,-0.005771172990908013
9.56,0.7857304426897198,0.7865748088299039,-0.006003126923163003,-0.005771172990908013
9.57,0.7857054296608733,0.7865507622757751,-0.005950687170766914,-0.005771172990908013
9.58,0.7856806351309951,0.7865267157216463,-0.005896879805490761,-0.005771172990908013
9.59,0.7856560647984722,0.7865026691675175,-0.0058417410663996455,-0.005771172990908013
9.6,0.7856317242106955,0.7864786226133887,-0.005785307180873216,-0.005771172990908013
9.61,0.7856076187641086,0.78645457605926,-0.005727614352325337,-0.005771172990908013
9.620000000000001,0.7855837537043072,0.7864305295051311,-0.005668698748035609,-0.005771172990908013
9.63,0.7855601341261904,0.7864064829510024,-0.0056085964871985675,-0.005771172990908013
9.64,0.7855367649741605,0.7863824363968736,-0.005547343629100885,-0.005771172990908013
9.65,0.7855136510423726,0.7863583898427448,-0.005484976161491304,-0.005771172990908013
9.66,0.785490796975033,0.786334343288616,-0.005421529989140953,-0.005771172990908013
9.67,0.7854682072667449,0.7863102967344872,-0.005357040922567322,-0.005771172990908013
9.68,0.7854458862629009,0.7862862501803584,-0.00529154466689891,-0.005771172990908013
9.69,0.7854238381601222,0.7862622036262296,-0.00522507681101114,-0.005771172990908013
9.700000000000001,0.785402067006743,0.7862381570721008,-0.005157672816744837,-0.005771172990908013
9.71,0.7853805767033398,0.786214110517972,-0.005089368008374842,-0.005771172990908013
9.72,0.7853593710033049,0.7861900639638432,-0.005020197562239756,-0.005771172990908013
9.73,0.7853384535134622,0.7861660174097144,-0.0049501964965444865,-0.005771172990908013
9.74,0.7853178276947266,0.7861419708555856,-0.004879399661365922,-0.005771172990908013
9.75,0.7852974968628043,0.7861179243014568,-0.004807841728858288,-0.005771172990908013
9.76,0.785277464188934,0.786093877747328,-0.004735557183594526,-0.005771172990908013
9.77,0.785257732700669,0.7860698311931992,-0.004662580313190269,-0.005771172990908013
9.78,0.7852383052826973,0.7860457846390704,-0.0045889451989852845,-0.005771172990908013
9.790000000000001,0.7852191846777016,0.7860217380849416,-0.0045146857070722315,-0.005771172990908013
9.8,0.7852003734872555,0.7859976915308128,-0.00443983547936246,-0.005771172990908013
9.81,0.7851818741727581,0.785973644976684,-0.004364427924964926,-0.005771172990908013
9.82,0.7851636890564041,0.7859495984225552,-0.004288496211702655,-0.005771172990908013
9.83,0.7851458203221887,0.7859255518684264,-0.0042120732577989334,-0.005771172990908013
9.84,0.7851282700169478,0.7859015053142976,-0.004135191723821731,-0.005771172990908013
9.85,0.785111040051432,0.7858774587601688,-0.004057884004783908,-0.005771172990908013
9.86,0.785094132201412,0.78585341220604,-0.003980182222402613,-0.005771172990908013
9.870000000000001,0.7850775481088187,0.7858293656519112,-0.0039021182176470336,-0.005771172990908013
9.88,0.7850612892829119,0.7858053190977824,-0.003823723543366459,-0.005771172990908013
9.89,0.7850453571014812,0.7857812725436536,-0.0037450294572113248,-0.005771172990908013
9.9,0.7850297528120761,0.7857572259895248,-0.0036660669146872495,-0.005771172990908013
9.91,0.7850144775332649,0.785733179435396,-0.00358686656242101,-0.005771172990908013
9.92,0.7849995322559215,0.7857091328812672,-0.003507458731615699,-0.005771172990908013
9.93,0.7849849178445397,0.7856850863271384,-0.0034278734317303335,-0.005771172990908013
9.94,0.7849706350385742,0.7856610397730096,-0.003348140344284191,-0.005771172990908013
9.950000000000001,0.7849566844538064,0.7856369932188808,-0.0032682888169237936,-0.005771172990908013
9.96,0.7849430665837359,0.785612946664752,-0.0031883478576556845,-0.005771172990908013
9.97,0.7849297818009957,0.7855889001106232,-0.0031083461292483044,-0.005771172990908013
9.98,0.7849168303587905,0.7855648535564944,-0.0030283119438604435,-0.005771172990908013
9.99,0.7849042123923577,0.7855408070023656,-0.0029482732578563244,-0.005771172990908013
